Top queries,Clicks,Impressions,CTR,Position
madara restaurant,2,12,16.67%,1.08
homagama restaurant,0,27,0%,1.81
homagama restaurants,0,16,0%,1.56
restaurants near me,0,16,0%,7.69
restaurant near homagama,0,8,0%,2.88
restaurant homagama,0,6,0%,1.5
restaurants in homagama,0,6,0%,2.33
restaurant near me,0,5,0%,4.6
homagama byob places,0,5,0%,8.6
athurugiriya restaurants,0,5,0%,15.8
homagama restaurant near me,0,4,0%,3.5
family restaurant near me,0,4,0%,6
homagama cafe,0,3,0%,2.67
restaurants near homagama,0,3,0%,3
cafe near me,0,2,0%,8
restaurants in athurugiriya,0,2,0%,19
restaurants near athurugiriya,0,2,0%,19
madara place,0,1,0%,1
place to eat dinner near me,0,1,0%,1
restaurant near me 5 star,0,1,0%,1
restaurant near me for lunch,0,1,0%,1
resturant near me,0,1,0%,2
breakfast near me,0,1,0%,3
restaurants,0,1,0%,3
sarma food,0,1,0%,3
madara mala,0,1,0%,4
restaurant near me open now,0,1,0%,4
restaurants homagama,0,1,0%,4
top rated restaurants near me,0,1,0%,5
food places near me,0,1,0%,6
foods near me,0,1,0%,6
homagama food shops,0,1,0%,8
cafes in homagama,0,1,0%,9
good fried rice near me,0,1,0%,9
kirula restaurant homagama,0,1,0%,9
best restaurant near me,0,1,0%,20
restaurants near me open now,0,1,0%,21
buffet near me,0,1,0%,25
koththu near me,0,1,0%,29
byob near me,0,1,0%,61